{"cameraMode":{"drawMode":0,"name":"Shaded","section":"Shading Mode"},"sceneLighting":false,"audioPlay":false,"sceneViewState":{"showFog":true,"showMaterialUpdate":true,"showSkybox":false,"showFlares":true,"showImageEffects":true,"showParticleSystems":true},"in2DMode":false,"pivot":{"x":-1.6194630861282349,"y":0.6315908432006836,"z":-3.995192050933838},"rotation":{"x":-0.10357200354337692,"y":0.8249493837356567,"z":-0.16063077747821809,"w":-0.5319134593009949},"size":5.431779384613037,"orthographic":false}