{"cameraMode":{"drawMode":0,"name":"Shaded","section":"Shading Mode"},"sceneLighting":false,"audioPlay":false,"sceneViewState":{"showFog":true,"showMaterialUpdate":true,"showSkybox":false,"showFlares":true,"showImageEffects":true,"showParticleSystems":true},"in2DMode":false,"pivot":{"x":0.6255245208740234,"y":1.0047082901000977,"z":-2.4518964290618898},"rotation":{"x":-0.09203794598579407,"y":0.8584838509559631,"z":-0.16582435369491578,"w":-0.47648683190345766},"size":22.0,"orthographic":false}