{"cameraMode":{"drawMode":0,"name":"Shaded","section":"Shading Mode"},"sceneLighting":false,"audioPlay":false,"sceneViewState":{"showFog":true,"showMaterialUpdate":true,"showSkybox":true,"showFlares":true,"showImageEffects":true,"showParticleSystems":true},"in2DMode":false,"pivot":{"x":0.9183177947998047,"y":-0.6633462905883789,"z":1.2090795040130616},"rotation":{"x":-0.2192661464214325,"y":0.5035786032676697,"z":-0.13386070728302003,"w":-0.8248763680458069},"size":72.27591705322266,"orthographic":false}